{
  "data": [
    {
      "label": "Protocols",
      "data": "Protocols Folder",
      "expandedIcon": "fa-folder-open",
      "collapsedIcon": "fa-folder",
      "expanded": true,
      "children": [
        {
          "label": "Directory Input",
          "icon": "fa fa-text-width",
          "data": "Directory Input"
        },

        {
          "label": "Directory Output",
          "icon": "fa fa-text-width",
          "data": "Directory Output"
        },


        {
          "label": "FTP Client",
          "icon": "fa fa-text-width",
          "data": "FTP Client"
        },

        {
          "label": "HTTP Client",
          "icon": "fa fa-text-width",
          "data": "HTTP Client"
        },

        {
          "label": "SFTP Input",
          "icon": "fa fa-text-width",
          "data": "SFTP Input"
        },

        {
          "label": "SFTP Output",
          "icon": "fa fa-text-width",
          "data": "SFTP Output"
        },

        {
          "label": "TCP Client",
          "icon": "fa fa-text-width",
          "data": "TCP Client"
        },

        {
          "label": "TCP Server",
          "icon": "fa fa-text-width",
          "data": "TCP Server"
        },

        {
          "label": "Webservice Client",
          "icon": "fa fa-text-width",
          "data": "Webservice Client"
        }
      ]
    },

    {
      "label": "Database",
      "data": "Database Folder",
      "expandedIcon": "fa-folder-open",
      "collapsedIcon": "fa-folder",
      "expanded": true,
      "children": [
        {
          "label": "Data Poll",
          "icon": "fa fa-text-width",
          "data": "Data Poll"
        },
        {
          "label": "Data Lookup",
          "icon": "fa fa-text-width",
          "data": "Data Lookup"
        },
        {
          "label": "Data Write",
          "icon": "fa fa-text-width",
          "data": "Data Write"
        },

        {
          "label": "Data Query",
          "icon": "fa fa-text-width",
          "data": "Data Query"
        }
      ]
    },

    {
      "label": "Other",
      "data": "Other Folder",
      "expandedIcon": "fa-folder-open",
      "collapsedIcon": "fa-folder",
      "expanded": true,
      "children": [
        {
          "label": "Debatch",
          "icon": "fa fa-text-width",
          "data": "Debatch"
        },
        {
          "label": "Default",
          "icon": "fa fa-text-width",
          "data": "Default"
        },
        {
          "data": "Mapper",
          "icon": "fa fa-text-width",
          "label": "Mapper"
        },
        {
          "label": "Router",
          "icon": "fa fa-text-width",
          "data": "Router"
        }
      ]
    } ,
    {
      "label": "Queues",
      "data": "Queue Folder",
      "expandedIcon": "fa-folder-open",
      "collapsedIcon": "fa-folder",
      "expanded": true,
      "children": [
        {
          "label": "Queue",
          "icon": "fa fa-text-width",
          "data": "Queue"
        }
      ]
    }
  ]
}
